img_file,land_type
island_134.jpg,island
swamp_117.jpg,swamp
swamp_103.jpg,swamp
island_120.jpg,island
island_108.jpg,island
forest_119.jpg,forest
swamp_36.jpg,swamp
swamp_22.jpg,swamp
forest_125.jpg,forest
forest_131.jpg,forest
island_47.jpg,island
island_53.jpg,island
plains_205.jpg,plains
mountain_98.jpg,mountain
mountain_3.jpg,mountain
plains_211.jpg,plains
mountain_67.jpg,mountain
island_84.jpg,island
mountain_73.jpg,mountain
island_90.jpg,island
swamp_249.jpg,swamp
mountain_101.jpg,mountain
mountain_115.jpg,mountain
plains_89.jpg,plains
plains_173.jpg,plains
plains_167.jpg,plains
mountain_129.jpg,mountain
forest_15.jpg,forest
plains_198.jpg,plains
forest_29.jpg,forest
plains_62.jpg,plains
plains_76.jpg,plains
plains_77.jpg,plains
plains_63.jpg,plains
forest_28.jpg,forest
plains_199.jpg,plains
forest_14.jpg,forest
mountain_128.jpg,mountain
plains_166.jpg,plains
plains_172.jpg,plains
mountain_114.jpg,mountain
plains_88.jpg,plains
mountain_100.jpg,mountain
forest_246.jpg,forest
swamp_248.jpg,swamp
island_91.jpg,island
mountain_72.jpg,mountain
island_85.jpg,island
mountain_66.jpg,mountain
plains_210.jpg,plains
plains_204.jpg,plains
mountain_2.jpg,mountain
mountain_99.jpg,mountain
island_52.jpg,island
island_46.jpg,island
forest_130.jpg,forest
forest_124.jpg,forest
swamp_23.jpg,swamp
swamp_37.jpg,swamp
forest_118.jpg,forest
island_109.jpg,island
island_121.jpg,island
swamp_102.jpg,swamp
swamp_116.jpg,swamp
island_135.jpg,island
swamp_100.jpg,swamp
island_123.jpg,island
island_137.jpg,island
swamp_114.jpg,swamp
swamp_128.jpg,swamp
swamp_21.jpg,swamp
swamp_35.jpg,swamp
forest_132.jpg,forest
forest_126.jpg,forest
island_50.jpg,island
island_44.jpg,island
plains_212.jpg,plains
island_78.jpg,island
mountain_0.jpg,mountain
mountain_248.jpg,mountain
plains_206.jpg,plains
island_93.jpg,island
mountain_70.jpg,mountain
island_87.jpg,island
mountain_64.jpg,mountain
mountain_58.jpg,mountain
forest_244.jpg,forest
plains_158.jpg,plains
mountain_116.jpg,mountain
mountain_102.jpg,mountain
plains_164.jpg,plains
plains_170.jpg,plains
plains_49.jpg,plains
forest_16.jpg,forest
plains_75.jpg,plains
plains_61.jpg,plains
plains_60.jpg,plains
plains_74.jpg,plains
forest_17.jpg,forest
plains_48.jpg,plains
plains_171.jpg,plains
plains_165.jpg,plains
mountain_103.jpg,mountain
mountain_117.jpg,mountain
plains_159.jpg,plains
forest_245.jpg,forest
mountain_59.jpg,mountain
mountain_65.jpg,mountain
island_86.jpg,island
mountain_71.jpg,mountain
island_92.jpg,island
mountain_1.jpg,mountain
island_79.jpg,island
plains_207.jpg,plains
mountain_249.jpg,mountain
plains_213.jpg,plains
island_45.jpg,island
island_51.jpg,island
forest_127.jpg,forest
forest_133.jpg,forest
swamp_34.jpg,swamp
swamp_20.jpg,swamp
swamp_129.jpg,swamp
swamp_115.jpg,swamp
island_136.jpg,island
island_122.jpg,island
swamp_101.jpg,swamp
swamp_139.jpg,swamp
swamp_105.jpg,swamp
island_126.jpg,island
island_132.jpg,island
swamp_111.jpg,swamp
forest_137.jpg,forest
swamp_18.jpg,swamp
forest_123.jpg,forest
swamp_24.jpg,swamp
swamp_30.jpg,swamp
island_69.jpg,island
plains_217.jpg,plains
plains_203.jpg,plains
mountain_5.jpg,mountain
island_55.jpg,island
island_41.jpg,island
mountain_49.jpg,mountain
island_96.jpg,island
mountain_75.jpg,mountain
island_82.jpg,island
mountain_61.jpg,mountain
forest_241.jpg,forest
plains_161.jpg,plains
plains_175.jpg,plains
mountain_113.jpg,mountain
island_9.jpg,island
mountain_107.jpg,mountain
plains_149.jpg,plains
plains_70.jpg,plains
plains_64.jpg,plains
plains_58.jpg,plains
forest_13.jpg,forest
forest_12.jpg,forest
plains_59.jpg,plains
plains_65.jpg,plains
plains_71.jpg,plains
plains_148.jpg,plains
mountain_106.jpg,mountain
mountain_112.jpg,mountain
island_8.jpg,island
plains_174.jpg,plains
plains_160.jpg,plains
forest_240.jpg,forest
mountain_60.jpg,mountain
island_83.jpg,island
mountain_74.jpg,mountain
island_97.jpg,island
mountain_48.jpg,mountain
island_40.jpg,island
island_54.jpg,island
plains_202.jpg,plains
mountain_4.jpg,mountain
island_68.jpg,island
plains_216.jpg,plains
swamp_31.jpg,swamp
swamp_25.jpg,swamp
forest_122.jpg,forest
swamp_19.jpg,swamp
forest_136.jpg,forest
swamp_110.jpg,swamp
island_133.jpg,island
island_127.jpg,island
swamp_104.jpg,swamp
swamp_138.jpg,swamp
island_119.jpg,island
island_131.jpg,island
swamp_112.jpg,swamp
swamp_106.jpg,swamp
island_125.jpg,island
forest_120.jpg,forest
forest_134.jpg,forest
swamp_33.jpg,swamp
swamp_27.jpg,swamp
forest_108.jpg,forest
mountain_6.jpg,mountain
plains_200.jpg,plains
plains_214.jpg,plains
mountain_89.jpg,mountain
island_42.jpg,island
plains_228.jpg,plains
island_56.jpg,island
mountain_62.jpg,mountain
island_81.jpg,island
mountain_76.jpg,mountain
island_95.jpg,island
forest_242.jpg,forest
mountain_138.jpg,mountain
plains_176.jpg,plains
plains_162.jpg,plains
mountain_104.jpg,mountain
plains_98.jpg,plains
mountain_110.jpg,mountain
plains_67.jpg,plains
plains_73.jpg,plains
forest_38.jpg,forest
plains_189.jpg,plains
forest_10.jpg,forest
plains_188.jpg,plains
forest_11.jpg,forest
forest_39.jpg,forest
plains_72.jpg,plains
plains_66.jpg,plains
mountain_111.jpg,mountain
mountain_105.jpg,mountain
plains_99.jpg,plains
plains_163.jpg,plains
plains_177.jpg,plains
mountain_139.jpg,mountain
forest_243.jpg,forest
island_94.jpg,island
mountain_77.jpg,mountain
island_80.jpg,island
mountain_63.jpg,mountain
plains_229.jpg,plains
island_57.jpg,island
island_43.jpg,island
plains_215.jpg,plains
mountain_88.jpg,mountain
mountain_7.jpg,mountain
plains_201.jpg,plains
forest_109.jpg,forest
swamp_26.jpg,swamp
swamp_32.jpg,swamp
forest_135.jpg,forest
forest_121.jpg,forest
island_124.jpg,island
swamp_107.jpg,swamp
swamp_113.jpg,swamp
island_130.jpg,island
island_118.jpg,island
swamp_174.jpg,swamp
swamp_96.jpg,swamp
island_157.jpg,island
swamp_82.jpg,swamp
island_143.jpg,island
swamp_160.jpg,swamp
swamp_148.jpg,swamp
forest_185.jpg,forest
forest_191.jpg,forest
island_194.jpg,island
swamp_55.jpg,swamp
plains_1.jpg,plains
island_180.jpg,island
swamp_41.jpg,swamp
forest_146.jpg,forest
swamp_69.jpg,swamp
forest_152.jpg,forest
island_24.jpg,island
mountain_214.jpg,mountain
mountain_200.jpg,mountain
island_30.jpg,island
island_18.jpg,island
mountain_228.jpg,mountain
mountain_10.jpg,mountain
mountain_38.jpg,mountain
island_221.jpg,island
swamp_202.jpg,swamp
swamp_216.jpg,swamp
island_235.jpg,island
island_209.jpg,island
forest_218.jpg,forest
forest_230.jpg,forest
forest_224.jpg,forest
swamp_2.jpg,swamp
mountain_162.jpg,mountain
forest_9.jpg,forest
mountain_176.jpg,mountain
plains_138.jpg,plains
plains_110.jpg,plains
forest_89.jpg,forest
plains_104.jpg,plains
forest_76.jpg,forest
plains_29.jpg,plains
forest_62.jpg,forest
plains_15.jpg,plains
mountain_189.jpg,mountain
plains_14.jpg,plains
mountain_188.jpg,mountain
forest_63.jpg,forest
plains_28.jpg,plains
forest_77.jpg,forest
plains_105.jpg,plains
plains_111.jpg,plains
forest_88.jpg,forest
plains_139.jpg,plains
mountain_177.jpg,mountain
mountain_163.jpg,mountain
forest_8.jpg,forest
swamp_3.jpg,swamp
forest_225.jpg,forest
forest_231.jpg,forest
forest_219.jpg,forest
island_208.jpg,island
island_234.jpg,island
swamp_217.jpg,swamp
swamp_203.jpg,swamp
island_220.jpg,island
mountain_39.jpg,mountain
mountain_11.jpg,mountain
island_19.jpg,island
mountain_229.jpg,mountain
mountain_201.jpg,mountain
island_31.jpg,island
island_25.jpg,island
mountain_215.jpg,mountain
forest_153.jpg,forest
swamp_68.jpg,swamp
forest_147.jpg,forest
swamp_40.jpg,swamp
island_181.jpg,island
plains_0.jpg,plains
swamp_54.jpg,swamp
island_195.jpg,island
forest_190.jpg,forest
forest_184.jpg,forest
swamp_149.jpg,swamp
swamp_161.jpg,swamp
island_142.jpg,island
swamp_83.jpg,swamp
island_156.jpg,island
swamp_97.jpg,swamp
swamp_175.jpg,swamp
swamp_81.jpg,swamp
island_140.jpg,island
swamp_163.jpg,swamp
swamp_177.jpg,swamp
swamp_95.jpg,swamp
island_154.jpg,island
forest_192.jpg,forest
island_168.jpg,island
forest_186.jpg,forest
plains_2.jpg,plains
island_183.jpg,island
swamp_42.jpg,swamp
island_197.jpg,island
swamp_56.jpg,swamp
forest_179.jpg,forest
forest_151.jpg,forest
forest_145.jpg,forest
swamp_188.jpg,swamp
island_33.jpg,island
mountain_203.jpg,mountain
mountain_217.jpg,mountain
island_27.jpg,island
mountain_13.jpg,mountain
swamp_215.jpg,swamp
island_222.jpg,island
swamp_229.jpg,swamp
swamp_1.jpg,swamp
forest_227.jpg,forest
forest_233.jpg,forest
mountain_175.jpg,mountain
mountain_161.jpg,mountain
mountain_149.jpg,mountain
plains_107.jpg,plains
plains_113.jpg,plains
forest_61.jpg,forest
forest_75.jpg,forest
plains_16.jpg,plains
forest_49.jpg,forest
forest_48.jpg,forest
plains_17.jpg,plains
forest_74.jpg,forest
forest_60.jpg,forest
plains_112.jpg,plains
plains_106.jpg,plains
mountain_148.jpg,mountain
mountain_160.jpg,mountain
mountain_174.jpg,mountain
forest_232.jpg,forest
forest_226.jpg,forest
swamp_0.jpg,swamp
swamp_228.jpg,swamp
swamp_200.jpg,swamp
island_223.jpg,island
swamp_214.jpg,swamp
mountain_12.jpg,mountain
mountain_216.jpg,mountain
island_26.jpg,island
island_32.jpg,island
mountain_202.jpg,mountain
swamp_189.jpg,swamp
forest_144.jpg,forest
forest_150.jpg,forest
forest_178.jpg,forest
swamp_57.jpg,swamp
island_196.jpg,island
swamp_43.jpg,swamp
island_182.jpg,island
plains_3.jpg,plains
forest_187.jpg,forest
island_169.jpg,island
forest_193.jpg,forest
island_155.jpg,island
swamp_94.jpg,swamp
swamp_176.jpg,swamp
swamp_162.jpg,swamp
island_141.jpg,island
swamp_80.jpg,swamp
forest_197.jpg,forest
island_179.jpg,island
forest_183.jpg,forest
swamp_84.jpg,swamp
island_145.jpg,island
swamp_166.jpg,swamp
swamp_172.jpg,swamp
swamp_90.jpg,swamp
island_151.jpg,island
forest_154.jpg,forest
swamp_199.jpg,swamp
forest_140.jpg,forest
forest_168.jpg,forest
island_186.jpg,island
plains_7.jpg,plains
swamp_47.jpg,swamp
island_192.jpg,island
swamp_53.jpg,swamp
mountain_206.jpg,mountain
island_36.jpg,island
island_22.jpg,island
mountain_212.jpg,mountain
mountain_16.jpg,mountain
swamp_238.jpg,swamp
swamp_210.jpg,swamp
island_233.jpg,island
island_227.jpg,island
swamp_204.jpg,swamp
swamp_4.jpg,swamp
forest_222.jpg,forest
forest_236.jpg,forest
plains_102.jpg,plains
plains_116.jpg,plains
mountain_158.jpg,mountain
mountain_170.jpg,mountain
mountain_164.jpg,mountain
forest_58.jpg,forest
plains_13.jpg,plains
forest_64.jpg,forest
forest_70.jpg,forest
forest_71.jpg,forest
forest_65.jpg,forest
plains_12.jpg,plains
forest_59.jpg,forest
mountain_165.jpg,mountain
mountain_171.jpg,mountain
mountain_159.jpg,mountain
plains_117.jpg,plains
plains_103.jpg,plains
forest_237.jpg,forest
forest_223.jpg,forest
swamp_5.jpg,swamp
swamp_205.jpg,swamp
island_226.jpg,island
island_232.jpg,island
swamp_211.jpg,swamp
swamp_239.jpg,swamp
mountain_17.jpg,mountain
island_23.jpg,island
mountain_213.jpg,mountain
mountain_207.jpg,mountain
island_37.jpg,island
swamp_52.jpg,swamp
island_193.jpg,island
swamp_46.jpg,swamp
plains_6.jpg,plains
forest_169.jpg,forest
forest_141.jpg,forest
swamp_198.jpg,swamp
forest_155.jpg,forest
island_150.jpg,island
swamp_91.jpg,swamp
swamp_173.jpg,swamp
swamp_167.jpg,swamp
island_144.jpg,island
swamp_85.jpg,swamp
forest_182.jpg,forest
island_178.jpg,island
forest_196.jpg,forest
forest_180.jpg,forest
swamp_159.jpg,swamp
forest_194.jpg,forest
swamp_171.jpg,swamp
swamp_93.jpg,swamp
island_152.jpg,island
swamp_87.jpg,swamp
island_146.jpg,island
swamp_165.jpg,swamp
forest_143.jpg,forest
swamp_78.jpg,swamp
forest_157.jpg,forest
island_191.jpg,island
swamp_50.jpg,swamp
island_185.jpg,island
plains_4.jpg,plains
swamp_44.jpg,swamp
mountain_239.jpg,mountain
mountain_211.jpg,mountain
island_21.jpg,island
island_35.jpg,island
mountain_205.jpg,mountain
mountain_29.jpg,mountain
mountain_15.jpg,mountain
island_218.jpg,island
island_224.jpg,island
swamp_207.jpg,swamp
swamp_213.jpg,swamp
island_230.jpg,island
forest_235.jpg,forest
forest_221.jpg,forest
swamp_7.jpg,swamp
forest_209.jpg,forest
plains_115.jpg,plains
plains_101.jpg,plains
forest_98.jpg,forest
plains_129.jpg,plains
mountain_167.jpg,mountain
mountain_173.jpg,mountain
mountain_198.jpg,mountain
plains_10.jpg,plains
forest_73.jpg,forest
plains_38.jpg,plains
forest_67.jpg,forest
forest_66.jpg,forest
plains_39.jpg,plains
forest_72.jpg,forest
plains_11.jpg,plains
mountain_199.jpg,mountain
mountain_172.jpg,mountain
mountain_166.jpg,mountain
plains_128.jpg,plains
plains_100.jpg,plains
forest_99.jpg,forest
plains_114.jpg,plains
forest_208.jpg,forest
swamp_6.jpg,swamp
forest_220.jpg,forest
forest_234.jpg,forest
island_231.jpg,island
swamp_212.jpg,swamp
swamp_206.jpg,swamp
island_225.jpg,island
island_219.jpg,island
mountain_14.jpg,mountain
mountain_28.jpg,mountain
island_34.jpg,island
mountain_204.jpg,mountain
mountain_210.jpg,mountain
island_20.jpg,island
mountain_238.jpg,mountain
swamp_45.jpg,swamp
plains_5.jpg,plains
island_184.jpg,island
swamp_51.jpg,swamp
island_190.jpg,island
forest_156.jpg,forest
swamp_79.jpg,swamp
forest_142.jpg,forest
swamp_164.jpg,swamp
island_147.jpg,island
swamp_86.jpg,swamp
island_153.jpg,island
swamp_92.jpg,swamp
swamp_170.jpg,swamp
forest_195.jpg,forest
swamp_158.jpg,swamp
forest_181.jpg,forest
island_176.jpg,island
swamp_155.jpg,swamp
swamp_141.jpg,swamp
island_162.jpg,island
swamp_169.jpg,swamp
swamp_196.jpg,swamp
swamp_74.jpg,swamp
swamp_60.jpg,swamp
swamp_182.jpg,swamp
plains_8.jpg,plains
island_189.jpg,island
swamp_48.jpg,swamp
forest_167.jpg,forest
forest_173.jpg,forest
mountain_235.jpg,mountain
mountain_221.jpg,mountain
island_11.jpg,island
island_39.jpg,island
mountain_25.jpg,mountain
mountain_31.jpg,mountain
mountain_19.jpg,mountain
swamp_223.jpg,swamp
island_200.jpg,island
island_214.jpg,island
swamp_237.jpg,swamp
island_228.jpg,island
forest_239.jpg,forest
forest_211.jpg,forest
forest_205.jpg,forest
mountain_143.jpg,mountain
forest_94.jpg,forest
forest_80.jpg,forest
mountain_157.jpg,mountain
plains_119.jpg,plains
plains_131.jpg,plains
forest_0.jpg,forest
plains_125.jpg,plains
mountain_180.jpg,mountain
forest_57.jpg,forest
forest_43.jpg,forest
mountain_194.jpg,mountain
plains_20.jpg,plains
plains_34.jpg,plains
plains_35.jpg,plains
plains_21.jpg,plains
forest_42.jpg,forest
mountain_195.jpg,mountain
mountain_181.jpg,mountain
forest_56.jpg,forest
forest_1.jpg,forest
plains_124.jpg,plains
plains_130.jpg,plains
forest_81.jpg,forest
plains_118.jpg,plains
mountain_156.jpg,mountain
mountain_142.jpg,mountain
forest_95.jpg,forest
forest_204.jpg,forest
forest_210.jpg,forest
forest_238.jpg,forest
island_229.jpg,island
swamp_236.jpg,swamp
island_215.jpg,island
island_201.jpg,island
swamp_222.jpg,swamp
mountain_18.jpg,mountain
mountain_30.jpg,mountain
mountain_24.jpg,mountain
island_38.jpg,island
mountain_208.jpg,mountain
mountain_220.jpg,mountain
island_10.jpg,island
mountain_234.jpg,mountain
forest_172.jpg,forest
forest_166.jpg,forest
swamp_49.jpg,swamp
island_188.jpg,island
plains_9.jpg,plains
swamp_183.jpg,swamp
swamp_61.jpg,swamp
swamp_75.jpg,swamp
swamp_197.jpg,swamp
swamp_168.jpg,swamp
island_163.jpg,island
swamp_140.jpg,swamp
forest_199.jpg,forest
swamp_154.jpg,swamp
island_177.jpg,island
swamp_142.jpg,swamp
island_161.jpg,island
island_175.jpg,island
swamp_156.jpg,swamp
swamp_88.jpg,swamp
island_149.jpg,island
swamp_63.jpg,swamp
swamp_181.jpg,swamp
forest_158.jpg,forest
swamp_195.jpg,swamp
swamp_77.jpg,swamp
forest_170.jpg,forest
forest_164.jpg,forest
island_12.jpg,island
mountain_222.jpg,mountain
mountain_236.jpg,mountain
mountain_32.jpg,mountain
mountain_26.jpg,mountain
island_217.jpg,island
swamp_234.jpg,swamp
swamp_220.jpg,swamp
island_203.jpg,island
swamp_208.jpg,swamp
swamp_8.jpg,swamp
forest_206.jpg,forest
forest_212.jpg,forest
mountain_154.jpg,mountain
forest_83.jpg,forest
forest_97.jpg,forest
mountain_140.jpg,mountain
mountain_168.jpg,mountain
plains_126.jpg,plains
forest_3.jpg,forest
plains_132.jpg,plains
mountain_197.jpg,mountain
forest_40.jpg,forest
forest_54.jpg,forest
mountain_183.jpg,mountain
plains_37.jpg,plains
forest_68.jpg,forest
plains_23.jpg,plains
plains_22.jpg,plains
forest_69.jpg,forest
plains_36.jpg,plains
forest_55.jpg,forest
mountain_182.jpg,mountain
mountain_196.jpg,mountain
forest_41.jpg,forest
plains_133.jpg,plains
plains_127.jpg,plains
mountain_169.jpg,mountain
forest_2.jpg,forest
forest_96.jpg,forest
mountain_141.jpg,mountain
mountain_155.jpg,mountain
forest_82.jpg,forest
forest_213.jpg,forest
forest_207.jpg,forest
swamp_9.jpg,swamp
swamp_209.jpg,swamp
island_202.jpg,island
swamp_221.jpg,swamp
swamp_235.jpg,swamp
island_216.jpg,island
mountain_27.jpg,mountain
mountain_33.jpg,mountain
mountain_237.jpg,mountain
island_13.jpg,island
mountain_223.jpg,mountain
forest_165.jpg,forest
forest_171.jpg,forest
swamp_76.jpg,swamp
swamp_194.jpg,swamp
forest_159.jpg,forest
swamp_180.jpg,swamp
swamp_62.jpg,swamp
island_148.jpg,island
swamp_89.jpg,swamp
swamp_157.jpg,swamp
island_174.jpg,island
island_160.jpg,island
swamp_143.jpg,swamp
swamp_99.jpg,swamp
island_158.jpg,island
swamp_147.jpg,swamp
island_164.jpg,island
island_170.jpg,island
swamp_153.jpg,swamp
forest_175.jpg,forest
forest_161.jpg,forest
swamp_66.jpg,swamp
forest_149.jpg,forest
swamp_184.jpg,swamp
swamp_190.jpg,swamp
swamp_72.jpg,swamp
mountain_227.jpg,mountain
island_17.jpg,island
mountain_233.jpg,mountain
mountain_37.jpg,mountain
mountain_23.jpg,mountain
swamp_219.jpg,swamp
island_212.jpg,island
swamp_231.jpg,swamp
swamp_225.jpg,swamp
island_206.jpg,island
forest_203.jpg,forest
forest_217.jpg,forest
forest_6.jpg,forest
plains_123.jpg,plains
plains_137.jpg,plains
mountain_179.jpg,mountain
forest_86.jpg,forest
mountain_151.jpg,mountain
mountain_145.jpg,mountain
forest_92.jpg,forest
plains_32.jpg,plains
forest_79.jpg,forest
plains_26.jpg,plains
forest_45.jpg,forest
mountain_192.jpg,mountain
mountain_186.jpg,mountain
forest_51.jpg,forest
mountain_187.jpg,mountain
forest_50.jpg,forest
forest_44.jpg,forest
mountain_193.jpg,mountain
plains_27.jpg,plains
forest_78.jpg,forest
plains_33.jpg,plains
mountain_144.jpg,mountain
forest_93.jpg,forest
forest_87.jpg,forest
mountain_150.jpg,mountain
mountain_178.jpg,mountain
plains_136.jpg,plains
forest_7.jpg,forest
plains_122.jpg,plains
forest_216.jpg,forest
forest_202.jpg,forest
island_207.jpg,island
swamp_224.jpg,swamp
swamp_230.jpg,swamp
island_213.jpg,island
swamp_218.jpg,swamp
mountain_22.jpg,mountain
mountain_36.jpg,mountain
mountain_232.jpg,mountain
mountain_226.jpg,mountain
island_16.jpg,island
swamp_73.jpg,swamp
swamp_191.jpg,swamp
swamp_185.jpg,swamp
forest_148.jpg,forest
swamp_67.jpg,swamp
forest_160.jpg,forest
forest_174.jpg,forest
swamp_152.jpg,swamp
island_171.jpg,island
island_165.jpg,island
swamp_146.jpg,swamp
island_159.jpg,island
swamp_98.jpg,swamp
swamp_178.jpg,swamp
island_173.jpg,island
swamp_150.jpg,swamp
swamp_144.jpg,swamp
forest_189.jpg,forest
island_167.jpg,island
forest_162.jpg,forest
forest_176.jpg,forest
island_198.jpg,island
swamp_59.jpg,swamp
swamp_193.jpg,swamp
swamp_71.jpg,swamp
swamp_65.jpg,swamp
swamp_187.jpg,swamp
island_28.jpg,island
mountain_218.jpg,mountain
mountain_230.jpg,mountain
island_14.jpg,island
mountain_224.jpg,mountain
mountain_20.jpg,mountain
mountain_34.jpg,mountain
swamp_226.jpg,swamp
island_205.jpg,island
island_211.jpg,island
swamp_232.jpg,swamp
forest_214.jpg,forest
forest_200.jpg,forest
forest_228.jpg,forest
plains_134.jpg,plains
plains_120.jpg,plains
forest_5.jpg,forest
forest_91.jpg,forest
plains_108.jpg,plains
mountain_146.jpg,mountain
mountain_152.jpg,mountain
forest_85.jpg,forest
plains_25.jpg,plains
plains_31.jpg,plains
plains_19.jpg,plains
forest_52.jpg,forest
mountain_185.jpg,mountain
mountain_191.jpg,mountain
forest_46.jpg,forest
mountain_190.jpg,mountain
forest_47.jpg,forest
forest_53.jpg,forest
plains_18.jpg,plains
mountain_184.jpg,mountain
plains_30.jpg,plains
plains_24.jpg,plains
mountain_153.jpg,mountain
forest_84.jpg,forest
forest_90.jpg,forest
mountain_147.jpg,mountain
plains_109.jpg,plains
plains_121.jpg,plains
forest_4.jpg,forest
plains_135.jpg,plains
forest_229.jpg,forest
forest_201.jpg,forest
forest_215.jpg,forest
swamp_233.jpg,swamp
island_210.jpg,island
island_204.jpg,island
swamp_227.jpg,swamp
mountain_35.jpg,mountain
mountain_21.jpg,mountain
island_15.jpg,island
mountain_225.jpg,mountain
mountain_231.jpg,mountain
island_29.jpg,island
mountain_219.jpg,mountain
swamp_186.jpg,swamp
swamp_64.jpg,swamp
swamp_70.jpg,swamp
swamp_192.jpg,swamp
swamp_58.jpg,swamp
island_199.jpg,island
forest_177.jpg,forest
forest_163.jpg,forest
island_166.jpg,island
forest_188.jpg,forest
swamp_145.jpg,swamp
swamp_151.jpg,swamp
island_172.jpg,island
swamp_179.jpg,swamp
swamp_136.jpg,swamp
island_115.jpg,island
island_101.jpg,island
swamp_122.jpg,swamp
island_129.jpg,island
swamp_17.jpg,swamp
forest_138.jpg,forest
forest_104.jpg,forest
forest_110.jpg,forest
mountain_256.jpg,mountain
plains_218.jpg,plains
mountain_85.jpg,mountain
island_66.jpg,island
mountain_91.jpg,mountain
island_72.jpg,island
mountain_242.jpg,mountain
plains_224.jpg,plains
plains_230.jpg,plains
mountain_46.jpg,mountain
mountain_52.jpg,mountain
island_99.jpg,island
swamp_240.jpg,swamp
mountain_120.jpg,mountain
mountain_134.jpg,mountain
island_6.jpg,island
plains_80.jpg,plains
plains_152.jpg,plains
plains_146.jpg,plains
mountain_108.jpg,mountain
plains_94.jpg,plains
forest_34.jpg,forest
forest_20.jpg,forest
plains_43.jpg,plains
plains_191.jpg,plains
plains_185.jpg,plains
plains_57.jpg,plains
plains_56.jpg,plains
plains_42.jpg,plains
plains_190.jpg,plains
forest_21.jpg,forest
forest_35.jpg,forest
mountain_109.jpg,mountain
plains_147.jpg,plains
plains_95.jpg,plains
plains_81.jpg,plains
island_7.jpg,island
plains_153.jpg,plains
mountain_135.jpg,mountain
mountain_121.jpg,mountain
swamp_241.jpg,swamp
island_98.jpg,island
mountain_53.jpg,mountain
mountain_47.jpg,mountain
plains_231.jpg,plains
plains_225.jpg,plains
island_73.jpg,island
mountain_90.jpg,mountain
mountain_243.jpg,mountain
plains_219.jpg,plains
mountain_257.jpg,mountain
island_67.jpg,island
mountain_84.jpg,mountain
forest_111.jpg,forest
forest_105.jpg,forest
forest_139.jpg,forest
swamp_16.jpg,swamp
island_128.jpg,island
swamp_123.jpg,swamp
island_100.jpg,island
island_114.jpg,island
swamp_137.jpg,swamp
island_102.jpg,island
swamp_121.jpg,swamp
swamp_135.jpg,swamp
island_116.jpg,island
swamp_109.jpg,swamp
swamp_14.jpg,swamp
forest_113.jpg,forest
forest_107.jpg,forest
swamp_28.jpg,swamp
mountain_241.jpg,mountain
mountain_9.jpg,mountain
island_71.jpg,island
mountain_92.jpg,mountain
island_65.jpg,island
mountain_86.jpg,mountain
mountain_255.jpg,mountain
island_59.jpg,island
plains_227.jpg,plains
mountain_51.jpg,mountain
mountain_45.jpg,mountain
mountain_79.jpg,mountain
swamp_243.jpg,swamp
plains_179.jpg,plains
mountain_137.jpg,mountain
mountain_123.jpg,mountain
plains_97.jpg,plains
plains_145.jpg,plains
plains_151.jpg,plains
island_5.jpg,island
plains_83.jpg,plains
plains_68.jpg,plains
forest_23.jpg,forest
forest_37.jpg,forest
plains_54.jpg,plains
plains_186.jpg,plains
plains_192.jpg,plains
plains_40.jpg,plains
plains_193.jpg,plains
plains_41.jpg,plains
plains_55.jpg,plains
plains_187.jpg,plains
forest_36.jpg,forest
forest_22.jpg,forest
plains_69.jpg,plains
plains_150.jpg,plains
plains_82.jpg,plains
island_4.jpg,island
plains_96.jpg,plains
plains_144.jpg,plains
mountain_122.jpg,mountain
mountain_136.jpg,mountain
plains_178.jpg,plains
swamp_242.jpg,swamp
mountain_78.jpg,mountain
mountain_44.jpg,mountain
mountain_50.jpg,mountain
island_58.jpg,island
plains_226.jpg,plains
plains_232.jpg,plains
mountain_87.jpg,mountain
island_64.jpg,island
mountain_254.jpg,mountain
mountain_240.jpg,mountain
mountain_93.jpg,mountain
island_70.jpg,island
mountain_8.jpg,mountain
swamp_29.jpg,swamp
forest_106.jpg,forest
forest_112.jpg,forest
swamp_15.jpg,swamp
swamp_108.jpg,swamp
island_117.jpg,island
swamp_134.jpg,swamp
swamp_120.jpg,swamp
island_103.jpg,island
swamp_118.jpg,swamp
island_107.jpg,island
swamp_124.jpg,swamp
swamp_130.jpg,swamp
island_113.jpg,island
swamp_39.jpg,swamp
forest_116.jpg,forest
forest_102.jpg,forest
swamp_11.jpg,swamp
island_48.jpg,island
plains_222.jpg,plains
island_74.jpg,island
mountain_97.jpg,mountain
mountain_244.jpg,mountain
mountain_250.jpg,mountain
island_60.jpg,island
mountain_83.jpg,mountain
mountain_68.jpg,mountain
mountain_54.jpg,mountain
mountain_40.jpg,mountain
swamp_246.jpg,swamp
plains_140.jpg,plains
plains_92.jpg,plains
island_0.jpg,island
plains_86.jpg,plains
plains_154.jpg,plains
mountain_132.jpg,mountain
mountain_126.jpg,mountain
plains_168.jpg,plains
plains_183.jpg,plains
plains_51.jpg,plains
plains_45.jpg,plains
plains_197.jpg,plains
forest_26.jpg,forest
forest_32.jpg,forest
plains_79.jpg,plains
plains_78.jpg,plains
forest_33.jpg,forest
forest_27.jpg,forest
plains_44.jpg,plains
plains_196.jpg,plains
plains_182.jpg,plains
plains_50.jpg,plains
plains_169.jpg,plains
mountain_127.jpg,mountain
mountain_133.jpg,mountain
plains_87.jpg,plains
island_1.jpg,island
plains_155.jpg,plains
plains_141.jpg,plains
plains_93.jpg,plains
swamp_247.jpg,swamp
mountain_41.jpg,mountain
mountain_55.jpg,mountain
mountain_69.jpg,mountain
mountain_251.jpg,mountain
mountain_82.jpg,mountain
island_61.jpg,island
mountain_96.jpg,mountain
island_75.jpg,island
mountain_245.jpg,mountain
plains_223.jpg,plains
island_49.jpg,island
swamp_10.jpg,swamp
forest_103.jpg,forest
forest_117.jpg,forest
swamp_38.jpg,swamp
island_112.jpg,island
swamp_131.jpg,swamp
swamp_125.jpg,swamp
island_106.jpg,island
swamp_119.jpg,swamp
island_138.jpg,island
swamp_133.jpg,swamp
island_110.jpg,island
island_104.jpg,island
swamp_127.jpg,swamp
forest_101.jpg,forest
forest_115.jpg,forest
swamp_12.jpg,swamp
forest_129.jpg,forest
plains_221.jpg,plains
mountain_80.jpg,mountain
island_63.jpg,island
mountain_253.jpg,mountain
plains_209.jpg,plains
mountain_247.jpg,mountain
mountain_94.jpg,mountain
island_77.jpg,island
island_88.jpg,island
mountain_43.jpg,mountain
mountain_57.jpg,mountain
swamp_245.jpg,swamp
mountain_119.jpg,mountain
plains_157.jpg,plains
island_3.jpg,island
plains_85.jpg,plains
plains_91.jpg,plains
plains_143.jpg,plains
mountain_125.jpg,mountain
mountain_131.jpg,mountain
plains_194.jpg,plains
plains_46.jpg,plains
forest_19.jpg,forest
plains_52.jpg,plains
plains_180.jpg,plains
forest_31.jpg,forest
forest_25.jpg,forest
forest_24.jpg,forest
forest_30.jpg,forest
plains_53.jpg,plains
forest_18.jpg,forest
plains_181.jpg,plains
plains_195.jpg,plains
plains_47.jpg,plains
mountain_130.jpg,mountain
mountain_124.jpg,mountain
plains_90.jpg,plains
plains_142.jpg,plains
plains_156.jpg,plains
mountain_118.jpg,mountain
plains_84.jpg,plains
island_2.jpg,island
swamp_244.jpg,swamp
mountain_56.jpg,mountain
mountain_42.jpg,mountain
island_89.jpg,island
mountain_246.jpg,mountain
plains_208.jpg,plains
island_76.jpg,island
mountain_95.jpg,mountain
island_62.jpg,island
mountain_81.jpg,mountain
mountain_252.jpg,mountain
plains_220.jpg,plains
forest_128.jpg,forest
swamp_13.jpg,swamp
forest_114.jpg,forest
forest_100.jpg,forest
swamp_126.jpg,swamp
island_105.jpg,island
island_111.jpg,island
swamp_132.jpg,swamp
island_139.jpg,island
